original,nuevo
magnific_professional-restaurant-m_0euLV65TfW.png,223 - Futomaki salmó i alvocat.png
magnific_professional-restaurant-m_0eujGYyTfW.png,54 - Tallarina Hokusai amb vedella.png
magnific_professional-restaurant-m_0eujzrhTfW.png,16 - Sopa de miso amb tofu.png
magnific_professional-restaurant-m_1l3T1dLr4r.png,100 - Xampinyó julivert.png
magnific_professional-restaurant-m_1l3T1wor4r.png,124 - Pollastre picant.png
magnific_professional-restaurant-m_1l3VsZmr4r.png,187 - Uramaki tonyina alvocat amb sésam.png
magnific_professional-restaurant-m_1l3VszFr4r.png,231 - Nigiri salmó.png
magnific_professional-restaurant-m_3zoF2DKREY.png,176 - Uramaki surimi alvocat teriyaki ceba cruixent.png
magnific_professional-restaurant-m_3zoQ38gREY.png,93 - Punxo de pollastre salsa teriyaki.png
magnific_professional-restaurant-m_5jNWbFFKxe.png,146 - Maki surimi.png
magnific_professional-restaurant-m_6AXEyt0iJO.png,175 - Uramaki pollastre maiopicant amb kataifi sèsam.png
magnific_professional-restaurant-m_8axPhRVIrU.png,53 - Fideus d'arròs amb pollastre.png
magnific_professional-restaurant-m_8axPtUZIrU.png,203 - Uramaki tempura de llagostí.png
magnific_professional-restaurant-m_8axPvErIrU.png,noconocido5.png
magnific_professional-restaurant-m_8axyzxTIrU.png,noconocido2.png
magnific_professional-restaurant-m_9ZeC6eJNYZ.png,264 - Gunkan kimchy.png
magnific_professional-restaurant-m_9ZeCR3QNYZ.png,149 - Maki salmó alvocat.png
magnific_professional-restaurant-m_9Zef1iJNYZ.png,63 - Bao fregit del porc.png
magnific_professional-restaurant-m_9Zef4s8NYZ.png,27 - Xiaolongbao.png
magnific_professional-restaurant-m_9Zef9hRNYZ.png,23 - Ramen llagostí.png
magnific_professional-restaurant-m_9ZefOzlNYZ.png,201 - Uramaki tempura de salmó sèsam.png
magnific_professional-restaurant-m_9ZefkL5NYZ.png,26 - Siumai.png
magnific_professional-restaurant-m_9Zefr6wNYZ.png,291 - Tàrtar salmó alvocat.png
magnific_professional-restaurant-m_Bh1JBFToQR.png,194 - Uramaki cobert d'alvocat.png
magnific_professional-restaurant-m_Bh1OtzxoQR.png,147 - Maki salmó fregit salsa teriyaki.png
magnific_professional-restaurant-m_CqwRDAxEEy.png,81 - Ànec japonès.png
magnific_professional-restaurant-m_CqwRTPqEEy.png,173 - Uramaki pollastre teriyaki amb ceba cruixent.png
magnific_professional-restaurant-m_Eb7ZE0LuuO.png,184 - Uramaki gamba cogombre teriyaki ceba cruixent.png
magnific_professional-restaurant-m_Ifj4a8XtvE.png,117 - Gamba agredolça.png
magnific_professional-restaurant-m_IfjPI49tvE.png,22 - Ramen vedella.png
magnific_professional-restaurant-m_IfjPdcptvE.png,281 - Temaki pollastre fregit sèsam teriyaki.png
magnific_professional-restaurant-m_JNTm4rSOq4.png,161 - Uramaki cobert de salmó.png
magnific_professional-restaurant-m_JNTtwujOq4.png,81 - Ànec japonès (2).png
magnific_professional-restaurant-m_KL601wikqp.png,noconocido4.png
magnific_professional-restaurant-m_KL6cFS2kqp.png,178 - Uramaki surimi maiopicant amb kataifi.png
magnific_professional-restaurant-m_LwAp1i3swO.png,224 - Futomaki tempura de salmó alvocat amb salmó i teriyaki.png
magnific_professional-restaurant-m_LwApva9swO.png,126 - Cloïssa.png
magnific_professional-restaurant-m_MBHl6vgDCm.png,68 - Nuggets de pollastre.png
magnific_professional-restaurant-m_N2dCrJj6D9.png,167 - Uramaki salmó alvocat amb formatge i togarashi.png
magnific_professional-restaurant-m_N2dE32b6D9.png,6 - Amanida poke.png
magnific_professional-restaurant-m_P3DaiCu42C.png,26 - Siumai (2).png
magnific_professional-restaurant-m_P3Dvk5642C.png,148 - Maki salmó amb formatge.png
magnific_professional-restaurant-m_P3Dvqu942C.png,182 - Uramaki salmó fregit amb togarashi sèsam.png
magnific_professional-restaurant-m_SyYBQ9yUb8.png,122 - Vedella teriyaki.png
magnific_professional-restaurant-m_SyYBg9kUb8.png,32 - Panbao de porc amb teriyaki.png
magnific_professional-restaurant-m_SyYBsX2Ub8.png,163 - Uramaki salmó alvocat teriyaki ceba cruixent.png
magnific_professional-restaurant-m_SyYo7u0Ub8.png,118 - Gamba sal i pebre.png
magnific_professional-restaurant-m_TdQL0UyVNR.png,33 - Panbao de llagostí amb teriyaki.png
magnific_professional-restaurant-m_TdQL9r3VNR.png,76 - Katsu pollastre.png
magnific_professional-restaurant-m_TdQse22VNR.png,80 - Porc agredolç.png
magnific_professional-restaurant-m_UPWoLyvwny.png,73 - Cuixeta de mar.png
magnific_professional-restaurant-m_UPWoSu3wny.png,94 - Punxo de gamba amb julivert.png
magnific_professional-restaurant-m_VXFlpJEMMU.png,68 - Nuggets de pollastre (2).png
magnific_professional-restaurant-m_VXFsc2gMMU.png,noconocido3.png
magnific_professional-restaurant-m_VXFscfTMMU.png,241 - Nigiri peix mantega.png
magnific_professional-restaurant-m_WDCrwJscXe.png,125 - Pollastre ametlla.png
magnific_professional-restaurant-m_Xmk7RNcBfo.png,65 - Panecito.png
magnific_professional-restaurant-m_XmkJ8c2Bfo.png,313 - Sashimi peix mantega.png
magnific_professional-restaurant-m_XmkJoHfBfo.png,116 - Gamba picant.png
magnific_professional-restaurant-m_XmkJtNUBfo.png,251 - Onigiri salmó fregit alvocat.png
magnific_professional-restaurant-m_YMfrczwWeC.png,21 - Ramen de pollastre.png
magnific_professional-restaurant-m_bx9WktY5Y2.png,266 - Gunkan tonyina.png
magnific_professional-restaurant-m_bx9YHfe5Y2.png,70 - Tempura de llagostí.png
magnific_professional-restaurant-m_bx9YQ4l5Y2.png,91 - Gyoza pollastre.png
magnific_professional-restaurant-m_cpEjDX60eP.png,noconocido6.png
magnific_professional-restaurant-m_cpEjMsh0eP.png,232 - Nigiri salmó flamejat maionesa teriyaki.png
magnific_professional-restaurant-m_dtKw2U2XSL.png,314 - Sashimi salmó amb salsa maracujà i ametlla.png
magnific_professional-restaurant-m_eI5w8bEdqL.png,194 - Uramaki cobert d'alvocat (2).png
magnific_professional-restaurant-m_fHU30opCDY.png,92 - Gyoza vegetal.png
magnific_professional-restaurant-m_fHU3VFvCDY.png,253 - Onigiri pollastre teriyaki ceba cruixent.png
magnific_professional-restaurant-m_fHUREVwCDY.png,186 - Uramaki cobert d'anguila flamejat teriyaki sèsam.png
magnific_professional-restaurant-m_fHURFiFCDY.png,26 - Siumai (3).png
magnific_professional-restaurant-m_gOnBwGqSXO.png,183 - Uramaki gamba cogombre amb tobiko.png
magnific_professional-restaurant-m_gOnXELQSXO.png,188 - Uramaki tonyina maiopicant amb togarashi sèsam.png
magnific_professional-restaurant-m_gOnXsjNSXO.png,263 - Gunkan wakame.png
magnific_professional-restaurant-m_gOnXslBSXO.png,noconocido8.png
magnific_professional-restaurant-m_hul6ErmvqL.png,171 - Uramaki tempura llagostí maiopicant amb kataifi.png
magnific_professional-restaurant-m_jU2D1ouLD0.png,152 - Maki tempura de salmó.png
magnific_professional-restaurant-m_jU2DK9WLD0.png,166 - Uramaki cobert de salmó flamejat maionesa teriyaki.png
magnific_professional-restaurant-m_jU2Da3tLD0.png,243 - Nigiri anguila amb salsa teriyaki sèsam.png
magnific_professional-restaurant-m_jU2Dtc5LD0.png,78 - Alita de pollastre.png
magnific_professional-restaurant-m_ksi0bI816B.png,162 - Uramaki salmó alvocat formatge sésam.png
magnific_professional-restaurant-m_ksi0kA316B.png,123 - Pollastre teriyaki.png
magnific_professional-restaurant-m_ksi0ksr16B.png,67 - Pastís de carabassa.png
magnific_professional-restaurant-m_ksi0tpH16B.png,177 - Uramaki surimi cobert de salmó flamejat.png
magnific_professional-restaurant-m_ksiTr0z16B.png,189 - Uramaki tonyina alvocat teriyaki ceba cruixent.png
magnific_professional-restaurant-m_ksiTrDe16B.png,166 - Uramaki cobert de salmó flamejat tobiko.png
magnific_professional-restaurant-m_lJzXShRgv9.png,121 - Vedella picant.png
magnific_professional-restaurant-m_lJzXwtNgv9.png,173 - Uramaki pollastre teriyaki amb ceba cruixent (2).png
magnific_professional-restaurant-m_lJzdluYgv9.png,184 - Uramaki gamba cogombre teriyaki ceba cruixent (2).png
magnific_professional-restaurant-m_nVakwGVYQD.png,170 - Uramaki tempura llagostí amb tobiko.png
magnific_professional-restaurant-m_p8bS37vehw.png,183 - Uramaki gamba cogombre amb tobiko (2).png
magnific_professional-restaurant-m_p8bU8Hwehw.png,62 - Rotllet vegetal.png
magnific_professional-restaurant-m_p8bUBpFehw.png,312 - Sashimi tonyina.png
magnific_professional-restaurant-m_p8bUdnvehw.png,141 - Maki salmó.png
magnific_professional-restaurant-m_rgRVqbLxtc.png,77 - Patata.png
magnific_professional-restaurant-m_rgRVrioxtc.png,321 - Tataki salmó flamejat ponzu.png
magnific_professional-restaurant-m_rgRVvzIxtc.png,322 - Tataki tonyina flamejada ponzu.png
magnific_professional-restaurant-m_s7Gdwfel8e.png,4 - Kimchy.png
magnific_professional-restaurant-m_s7Ge1GZl8e.png,103 - Veiés julivert.png
magnific_professional-restaurant-m_s7GeLCSl8e.png,96 - Punxo de tonyina salsa teriyaki.png
magnific_professional-restaurant-m_s7GejFal8e.png,66 - Takoyaki de polp.png
magnific_professional-restaurant-m_tCL4A2OmZJ.png,143 - Maki alvocat.png
magnific_professional-restaurant-m_tCL4IC3mZJ.png,83 - Tonkotsu amb formatge.png
magnific_professional-restaurant-m_tCL9hXSmZJ.png,40 - Arròs amb vedella picant.png
magnific_professional-restaurant-m_u5J2CDGQLD.png,noconocido1.png
magnific_professional-restaurant-m_u5J2a4SQLD.png,95 - Punxo de salmó salsa teriyaki.png
magnific_professional-restaurant-m_u5J2aqaQLD.png,196 - Uramaki rellom amb formatge teriyaki sèsam.png
magnific_professional-restaurant-m_vQgiuKya47.png,149 - Maki salmó alvocat (2).png
magnific_professional-restaurant-m_w4c8UwN7EI.png,242 - Nigiri peix mantega flamejat teriyaki tobiko.png
magnific_professional-restaurant-m_w4cIyLS7EI.png,295 - Tàrtar tonyina alvocat.png
magnific_professional-restaurant-m_xSZDsJXjfW.png,122 - Vedella teriyaki (2).png
magnific_professional-restaurant-m_xSZM1dMjfW.png,145 - Maki cogombre.png
magnific_professional-restaurant-m_xSZMIMZjfW.png,2 - Edamame amb sal.png
magnific_professional-restaurant-m_xSZMhO2jfW.png,39 - Arròs amb pollastre teriyaki.png
magnific_professional-restaurant-m_xSZMkdwjfW.png,noconocido7.png
magnific_professional-restaurant-m_yiMhHxfPW9.png,293 - Tàrtar salmó alvocat mango.png
magnific_professional-restaurant-m_yiMhU7IPW9.png,97 - Picho de vedella amb formatge.png
magnific_professional-restaurant-m_yiMv998PW9.png,61 - Rotllet pollastre.png
magnific_professional-restaurant-m_yiMvN5RPW9.png,52 - Yakiudon de gamba.png
hanaki/ensalada-wakame.jpg,1 - Wakame.png
hanaki/107.jpg,5 - Amanida Hokusai.png
hanaki/ensalada-cesar.jpg,7 - Amanida cessar.png
hanaki/guabao-de-pollo-picante.jpg,31 - Panbao de pollastre amb salsa picant.png
hanaki/guabao-de-pato.jpg,34 - Panbao d'ànec amb salsa marisco.png
hanaki/arroz-hanaki.jpg,37 - Arròs Hokusai.png
hanaki/arroz-marisco.jpg,38 - Arròs marisco Hokusai.png
hanaki/arroz-blanco.jpg,41 - Arròs blanc.png
hanaki/yakisoba-de-verduras.jpg,51 - Yakisoba de verdura.png
hanaki/wantun-frito.jpg,64 - Wantun fregit del porc.png
hanaki/anillas-de-calamar.jpg,69 - Anell de calamar.png
hanaki/tempura-de-verduras.jpg,71 - Tempura de verdura.png
hanaki/platano-frito-con-miel.jpg,72 - Plàtan fregit amb mel.png
hanaki/langostinos-con-sesamo.jpg,74 - Gamba sèsam.png
hanaki/pollo-quimono.jpg,75 - Pollastre quimono.png
hanaki/pollo-al-limon.jpg,79 - Pollastre llimona.png
hanaki/24.jpg,82 - Gyoza de pollastre fregit.png
hanaki/navajas.jpg,98 - Puntes de pop julivert.png
hanaki/sepia.jpg,99 - Sèpia julivert.png
hanaki/esparragos.jpg,101 - Espàrrecs.png
hanaki/41.jpg,102 - Gambón julivert.png
hanaki/112.jpg,105 - Entrecot.png
hanaki/ternera-con-salsa-de-ostras.jpg,119 - Vedella amb salsa ostra.png
hanaki/ternera-al-curry.jpg,120 - Vedella curri.png
hanaki/59.jpg,142 - Maki tonyina.png
hanaki/65.jpg,144 - Maki formatge.png
hanaki/63.jpg,150 - Tempura de salmó amb formatge i mango.png
hanaki/67.jpg,151 - Tempura de salmó amb formatge i maduixa.png
hanaki/170.jpg,164 - Uramaki salmó alvocat maiopicant amb kataifi.png
hanaki/88.jpg,168 - Uramaki tempura llagostí algafina amb teriyaki.png
hanaki/98.jpg,180 - Uramaki salmó fregit teriyaki amb ceba cruixent.png
hanaki/171.jpg,181 - Uramaki salmó fregit maiopicant amb kataifi.png
hanaki/142.jpg,191 - Uramaki peix mantega teriyaki amb cacauet mòlta.png
hanaki/133.jpg,199 - Uramaki Hokusai.png
hanaki/102.jpg,202 - Uramaki tempura de surimi sèsam.png
hanaki/145.jpg,233 - Nigiri salmó flamejat amb salsa hanaki i teriyaki.png
hanaki/94.jpg,234 - Nigiri salmó flamejat amb formatge i kataifi.png
hanaki/162.jpg,235 - Nigiri salmó flamejat amb teriyaki i ceba cruixent.png
hanaki/117.jpg,236 - Nigiri tonyina.png
hanaki/146.jpg,237 - Nigiri tonyina flamejada maiopicant teriyaki togarashi.png
hanaki/73.jpg,239 - Nigiri gamba.png
hanaki/62.jpg,252 - Onigiri salmó fregit alvocat amb pols picant.png
hanaki/83.jpg,261 - Gunkan salmó sèsam teriyaki.png
hanaki/84.jpg,262 - Gunkan formatge.png
hanaki/131.jpg,265 - Gunkan peix mantega teriyaki sèsam.png
hanaki/78.jpg,282 - Temaki salmó sèsam teriyaki.png
hanaki/79.jpg,283 - Temaki tonyina sèsam teriyaki.png
hanaki/77.jpg,285 - Temaki tempura llagostí sèsam teriyaki.png
hanaki/148.jpg,292 - Tàrtar salmó arròs alvocat.png
hanaki/143.jpg,298 - Cookie salmó formatge mango.png
hanaki/81.jpg,311 - Sashimi salmó.png
hanaki/154.jpg,323 - Tataki peix mantega flamejat amb ponzu.png
magnific_anade-por-encima-mayonesa_s7GC5JCl8e.png,179 - Uramaki surimi maiopicant amb togarashi sèsam.png
hanaki/87 - Uramaki salmón tobiko.jpg,165 - Uramaki salmó alvocat amb tobiko.png
